raceId,round,circuitId,name,date
1,1,1,Australian Grand Prix,2009-03-29
2,2,2,Malaysian Grand Prix,2009-04-05
3,3,17,Chinese Grand Prix,2009-04-19
4,4,3,Bahrain Grand Prix,2009-04-26
5,5,4,Spanish Grand Prix,2009-05-10
6,6,6,Monaco Grand Prix,2009-05-24
7,7,5,Turkish Grand Prix,2009-06-07
8,8,9,British Grand Prix,2009-06-21
9,9,20,German Grand Prix,2009-07-12
10,10,11,Hungarian Grand Prix,2009-07-26
11,11,12,European Grand Prix,2009-08-23
12,12,13,Belgian Grand Prix,2009-08-30
13,13,14,Italian Grand Prix,2009-09-13
14,14,15,Singapore Grand Prix,2009-09-27
15,15,22,Japanese Grand Prix,2009-10-04
16,16,18,Brazilian Grand Prix,2009-10-18
17,17,24,Abu Dhabi Grand Prix,2009-11-01
18,1,1,Australian Grand Prix,2008-03-16
19,2,2,Malaysian Grand Prix,2008-03-23
20,3,3,Bahrain Grand Prix,2008-04-06
21,4,4,Spanish Grand Prix,2008-04-27
22,5,5,Turkish Grand Prix,2008-05-11
23,6,6,Monaco Grand Prix,2008-05-25
24,7,7,Canadian Grand Prix,2008-06-08
25,8,8,French Grand Prix,2008-06-22
26,9,9,British Grand Prix,2008-07-06
27,10,10,German Grand Prix,2008-07-20
28,11,11,Hungarian Grand Prix,2008-08-03
29,12,12,European Grand Prix,2008-08-24
30,13,13,Belgian Grand Prix,2008-09-07
31,14,14,Italian Grand Prix,2008-09-14
32,15,15,Singapore Grand Prix,2008-09-28
33,16,16,Japanese Grand Prix,2008-10-12
34,17,17,Chinese Grand Prix,2008-10-19
35,18,18,Brazilian Grand Prix,2008-11-02
36,1,1,Australian Grand Prix,2007-03-18
37,2,2,Malaysian Grand Prix,2007-04-08
38,3,3,Bahrain Grand Prix,2007-04-15
39,4,4,Spanish Grand Prix,2007-05-13
40,5,6,Monaco Grand Prix,2007-05-27
41,6,7,Canadian Grand Prix,2007-06-10
42,7,19,United States Grand Prix,2007-06-17
43,8,8,French Grand Prix,2007-07-01
44,9,9,British Grand Prix,2007-07-08
45,10,20,European Grand Prix,2007-07-22
46,11,11,Hungarian Grand Prix,2007-08-05
47,12,5,Turkish Grand Prix,2007-08-26
48,13,14,Italian Grand Prix,2007-09-09
49,14,13,Belgian Grand Prix,2007-09-16
50,15,16,Japanese Grand Prix,2007-09-30
51,16,17,Chinese Grand Prix,2007-10-07
52,17,18,Brazilian Grand Prix,2007-10-21
53,1,3,Bahrain Grand Prix,2006-03-12
54,2,2,Malaysian Grand Prix,2006-03-19
55,3,1,Australian Grand Prix,2006-04-02
56,4,21,San Marino Grand Prix,2006-04-23
57,5,20,European Grand Prix,2006-05-07
58,6,4,Spanish Grand Prix,2006-05-14
59,7,6,Monaco Grand Prix,2006-05-28
60,8,9,British Grand Prix,2006-06-11
61,9,7,Canadian Grand Prix,2006-06-25
62,10,19,United States Grand Prix,2006-07-02
63,11,8,French Grand Prix,2006-07-16
64,12,10,German Grand Prix,2006-07-30
65,13,11,Hungarian Grand Prix,2006-08-06
66,14,5,Turkish Grand Prix,2006-08-27
67,15,14,Italian Grand Prix,2006-09-10
68,16,17,Chinese Grand Prix,2006-10-01
69,17,22,Japanese Grand Prix,2006-10-08
70,18,18,Brazilian Grand Prix,2006-10-22
71,1,1,Australian Grand Prix,2005-03-06
72,2,2,Malaysian Grand Prix,2005-03-20
73,3,3,Bahrain Grand Prix,2005-04-03
74,4,21,San Marino Grand Prix,2005-04-24
75,5,4,Spanish Grand Prix,2005-05-08
76,6,6,Monaco Grand Prix,2005-05-22
77,7,20,European Grand Prix,2005-05-29
78,8,7,Canadian Grand Prix,2005-06-12
79,9,19,United States Grand Prix,2005-06-19
80,10,8,French Grand Prix,2005-07-03
81,11,9,British Grand Prix,2005-07-10
82,12,10,German Grand Prix,2005-07-24
83,13,11,Hungarian Grand Prix,2005-07-31
84,14,5,Turkish Grand Prix,2005-08-21
85,15,14,Italian Grand Prix,2005-09-04
86,16,13,Belgian Grand Prix,2005-09-11
87,17,18,Brazilian Grand Prix,2005-09-25
88,18,22,Japanese Grand Prix,2005-10-09
89,19,17,Chinese Grand Prix,2005-10-16
90,1,1,Australian Grand Prix,2004-03-07
91,2,2,Malaysian Grand Prix,2004-03-21
92,3,3,Bahrain Grand Prix,2004-04-04
93,4,21,San Marino Grand Prix,2004-04-25
94,5,4,Spanish Grand Prix,2004-05-09
95,6,6,Monaco Grand Prix,2004-05-23
96,7,20,European Grand Prix,2004-05-30
97,8,7,Canadian Grand Prix,2004-06-13
98,9,19,United States Grand Prix,2004-06-20
99,10,8,French Grand Prix,2004-07-04
100,11,9,British Grand Prix,2004-07-11
101,12,10,German Grand Prix,2004-07-25
102,13,11,Hungarian Grand Prix,2004-08-15
103,14,13,Belgian Grand Prix,2004-08-29
104,15,14,Italian Grand Prix,2004-09-12
105,16,17,Chinese Grand Prix,2004-09-26
106,17,22,Japanese Grand Prix,2004-10-10
107,18,18,Brazilian Grand Prix,2004-10-24
108,1,1,Australian Grand Prix,2003-03-09
109,2,2,Malaysian Grand Prix,2003-03-23
110,3,18,Brazilian Grand Prix,2003-04-06
111,4,21,San Marino Grand Prix,2003-04-20
112,5,4,Spanish Grand Prix,2003-05-04
113,6,70,Austrian Grand Prix,2003-05-18
114,7,6,Monaco Grand Prix,2003-06-01
115,8,7,Canadian Grand Prix,2003-06-15
116,9,20,European Grand Prix,2003-06-29
117,10,8,French Grand Prix,2003-07-06
118,11,9,British Grand Prix,2003-07-20
119,12,10,German Grand Prix,2003-08-03
120,13,11,Hungarian Grand Prix,2003-08-24
121,14,14,Italian Grand Prix,2003-09-14
122,15,19,United States Grand Prix,2003-09-28
123,16,22,Japanese Grand Prix,2003-10-12
124,1,1,Australian Grand Prix,2002-03-03
125,2,2,Malaysian Grand Prix,2002-03-17
126,3,18,Brazilian Grand Prix,2002-03-31
127,4,21,San Marino Grand Prix,2002-04-14
128,5,4,Spanish Grand Prix,2002-04-28
129,6,70,Austrian Grand Prix,2002-05-12
130,7,6,Monaco Grand Prix,2002-05-26
131,8,7,Canadian Grand Prix,2002-06-09
132,9,20,European Grand Prix,2002-06-23
133,10,9,British Grand Prix,2002-07-07
134,11,8,French Grand Prix,2002-07-21
135,12,10,German Grand Prix,2002-07-28
136,13,11,Hungarian Grand Prix,2002-08-18
137,14,13,Belgian Grand Prix,2002-09-01
138,15,14,Italian Grand Prix,2002-09-15
139,16,19,United States Grand Prix,2002-09-29
140,17,22,Japanese Grand Prix,2002-10-13
141,1,1,Australian Grand Prix,2001-03-04
142,2,2,Malaysian Grand Prix,2001-03-18
143,3,18,Brazilian Grand Prix,2001-04-01
144,4,21,San Marino Grand Prix,2001-04-15
145,5,4,Spanish Grand Prix,2001-04-29
146,6,70,Austrian Grand Prix,2001-05-13
147,7,6,Monaco Grand Prix,2001-05-27
148,8,7,Canadian Grand Prix,2001-06-10
149,9,20,European Grand Prix,2001-06-24
150,10,8,French Grand Prix,2001-07-01
151,11,9,British Grand Prix,2001-07-15
152,12,10,German Grand Prix,2001-07-29
153,13,11,Hungarian Grand Prix,2001-08-19
154,14,13,Belgian Grand Prix,2001-09-02
155,15,14,Italian Grand Prix,2001-09-16
156,16,19,United States Grand Prix,2001-09-30
157,17,22,Japanese Grand Prix,2001-10-14
158,1,1,Australian Grand Prix,2000-03-12
159,2,18,Brazilian Grand Prix,2000-03-26
160,3,21,San Marino Grand Prix,2000-04-09
161,4,9,British Grand Prix,2000-04-23
162,5,4,Spanish Grand Prix,2000-05-07
163,6,20,European Grand Prix,2000-05-21
164,7,6,Monaco Grand Prix,2000-06-04
165,8,7,Canadian Grand Prix,2000-06-18
166,9,8,French Grand Prix,2000-07-02
167,10,70,Austrian Grand Prix,2000-07-16
168,11,10,German Grand Prix,2000-07-30
169,12,11,Hungarian Grand Prix,2000-08-13
170,13,13,Belgian Grand Prix,2000-08-27
171,14,14,Italian Grand Prix,2000-09-10
172,15,19,United States Grand Prix,2000-09-24
173,16,22,Japanese Grand Prix,2000-10-08
174,17,2,Malaysian Grand Prix,2000-10-22
175,1,1,Australian Grand Prix,1999-03-07
176,2,18,Brazilian Grand Prix,1999-04-11
177,3,21,San Marino Grand Prix,1999-05-02
178,4,6,Monaco Grand Prix,1999-05-16
179,5,4,Spanish Grand Prix,1999-05-30
180,6,7,Canadian Grand Prix,1999-06-13
181,7,8,French Grand Prix,1999-06-27
182,8,9,British Grand Prix,1999-07-11
183,9,70,Austrian Grand Prix,1999-07-25
184,10,10,German Grand Prix,1999-08-01
185,11,11,Hungarian Grand Prix,1999-08-15
186,12,13,Belgian Grand Prix,1999-08-29
187,13,14,Italian Grand Prix,1999-09-12
188,14,20,European Grand Prix,1999-09-26
189,15,2,Malaysian Grand Prix,1999-10-17
190,16,22,Japanese Grand Prix,1999-10-31
191,1,1,Australian Grand Prix,1998-03-08
192,2,18,Brazilian Grand Prix,1998-03-29
193,3,25,Argentine Grand Prix,1998-04-12
194,4,21,San Marino Grand Prix,1998-04-26
195,5,4,Spanish Grand Prix,1998-05-10
196,6,6,Monaco Grand Prix,1998-05-24
197,7,7,Canadian Grand Prix,1998-06-07
198,8,8,French Grand Prix,1998-06-28
199,9,9,British Grand Prix,1998-07-12
200,10,70,Austrian Grand Prix,1998-07-26
201,11,10,German Grand Prix,1998-08-02
202,12,11,Hungarian Grand Prix,1998-08-16
203,13,13,Belgian Grand Prix,1998-08-30
204,14,14,Italian Grand Prix,1998-09-13
205,15,20,Luxembourg Grand Prix,1998-09-27
206,16,22,Japanese Grand Prix,1998-11-01
207,1,1,Australian Grand Prix,1997-03-09
208,2,18,Brazilian Grand Prix,1997-03-30
209,3,25,Argentine Grand Prix,1997-04-13
210,4,21,San Marino Grand Prix,1997-04-27
211,5,6,Monaco Grand Prix,1997-05-11
212,6,4,Spanish Grand Prix,1997-05-25
213,7,7,Canadian Grand Prix,1997-06-15
214,8,8,French Grand Prix,1997-06-29
215,9,9,British Grand Prix,1997-07-13
216,10,10,German Grand Prix,1997-07-27
217,11,11,Hungarian Grand Prix,1997-08-10
218,12,13,Belgian Grand Prix,1997-08-24
219,13,14,Italian Grand Prix,1997-09-07
220,14,70,Austrian Grand Prix,1997-09-21
221,15,20,Luxembourg Grand Prix,1997-09-28
222,16,22,Japanese Grand Prix,1997-10-12
223,17,26,European Grand Prix,1997-10-26
224,1,1,Australian Grand Prix,1996-03-10
225,2,18,Brazilian Grand Prix,1996-03-31
226,3,25,Argentine Grand Prix,1996-04-07
227,4,20,European Grand Prix,1996-04-28
228,5,21,San Marino Grand Prix,1996-05-05
229,6,6,Monaco Grand Prix,1996-05-19
230,7,4,Spanish Grand Prix,1996-06-02
231,8,7,Canadian Grand Prix,1996-06-16
232,9,8,French Grand Prix,1996-06-30
233,10,9,British Grand Prix,1996-07-14
234,11,10,German Grand Prix,1996-07-28
235,12,11,Hungarian Grand Prix,1996-08-11
236,13,13,Belgian Grand Prix,1996-08-25
237,14,14,Italian Grand Prix,1996-09-08
238,15,27,Portuguese Grand Prix,1996-09-22
239,16,22,Japanese Grand Prix,1996-10-13
240,1,18,Brazilian Grand Prix,1995-03-26
241,2,25,Argentine Grand Prix,1995-04-09
242,3,21,San Marino Grand Prix,1995-04-30
243,4,4,Spanish Grand Prix,1995-05-14
244,5,6,Monaco Grand Prix,1995-05-28
245,6,7,Canadian Grand Prix,1995-06-11
246,7,8,French Grand Prix,1995-07-02
247,8,9,British Grand Prix,1995-07-16
248,9,10,German Grand Prix,1995-07-30
249,10,11,Hungarian Grand Prix,1995-08-13
250,11,13,Belgian Grand Prix,1995-08-27
251,12,14,Italian Grand Prix,1995-09-10
252,13,27,Portuguese Grand Prix,1995-09-24
253,14,20,European Grand Prix,1995-10-01
254,15,28,Pacific Grand Prix,1995-10-22
255,16,22,Japanese Grand Prix,1995-10-29
256,17,29,Australian Grand Prix,1995-11-12
257,1,18,Brazilian Grand Prix,1994-03-27
258,2,28,Pacific Grand Prix,1994-04-17
259,3,21,San Marino Grand Prix,1994-05-01
260,4,6,Monaco Grand Prix,1994-05-15
261,5,4,Spanish Grand Prix,1994-05-29
262,6,7,Canadian Grand Prix,1994-06-12
263,7,8,French Grand Prix,1994-07-03
264,8,9,British Grand Prix,1994-07-10
265,9,10,German Grand Prix,1994-07-31
266,10,11,Hungarian Grand Prix,1994-08-14
267,11,13,Belgian Grand Prix,1994-08-28
268,12,14,Italian Grand Prix,1994-09-11
269,13,27,Portuguese Grand Prix,1994-09-25
270,14,26,European Grand Prix,1994-10-16
271,15,22,Japanese Grand Prix,1994-11-06
272,16,29,Australian Grand Prix,1994-11-13
273,1,30,South African Grand Prix,1993-03-14
274,2,18,Brazilian Grand Prix,1993-03-28
275,3,31,European Grand Prix,1993-04-11
276,4,21,San Marino Grand Prix,1993-04-25
277,5,4,Spanish Grand Prix,1993-05-09
278,6,6,Monaco Grand Prix,1993-05-23
279,7,7,Canadian Grand Prix,1993-06-13
280,8,8,French Grand Prix,1993-07-04
281,9,9,British Grand Prix,1993-07-11
282,10,10,German Grand Prix,1993-07-25
283,11,11,Hungarian Grand Prix,1993-08-15
284,12,13,Belgian Grand Prix,1993-08-29
285,13,14,Italian Grand Prix,1993-09-12
286,14,27,Portuguese Grand Prix,1993-09-26
287,15,22,Japanese Grand Prix,1993-10-24
288,16,29,Australian Grand Prix,1993-11-07
289,1,30,South African Grand Prix,1992-03-01
290,2,32,Mexican Grand Prix,1992-03-22
291,3,18,Brazilian Grand Prix,1992-04-05
292,4,4,Spanish Grand Prix,1992-05-03
293,5,21,San Marino Grand Prix,1992-05-17
294,6,6,Monaco Grand Prix,1992-05-31
295,7,7,Canadian Grand Prix,1992-06-14
296,8,8,French Grand Prix,1992-07-05
297,9,9,British Grand Prix,1992-07-12
298,10,10,German Grand Prix,1992-07-26
299,11,11,Hungarian Grand Prix,1992-08-16
300,12,13,Belgian Grand Prix,1992-08-30
301,13,14,Italian Grand Prix,1992-09-13
302,14,27,Portuguese Grand Prix,1992-09-27
303,15,22,Japanese Grand Prix,1992-10-25
304,16,29,Australian Grand Prix,1992-11-08
305,1,33,United States Grand Prix,1991-03-10
306,2,18,Brazilian Grand Prix,1991-03-24
307,3,21,San Marino Grand Prix,1991-04-28
308,4,6,Monaco Grand Prix,1991-05-12
309,5,7,Canadian Grand Prix,1991-06-02
310,6,32,Mexican Grand Prix,1991-06-16
311,7,8,French Grand Prix,1991-07-07
312,8,9,British Grand Prix,1991-07-14
313,9,10,German Grand Prix,1991-07-28
314,10,11,Hungarian Grand Prix,1991-08-11
315,11,13,Belgian Grand Prix,1991-08-25
316,12,14,Italian Grand Prix,1991-09-08
317,13,27,Portuguese Grand Prix,1991-09-22
318,14,4,Spanish Grand Prix,1991-09-29
319,15,22,Japanese Grand Prix,1991-10-20
320,16,29,Australian Grand Prix,1991-11-03
321,1,33,United States Grand Prix,1990-03-11
322,2,18,Brazilian Grand Prix,1990-03-25
323,3,21,San Marino Grand Prix,1990-05-13
324,4,6,Monaco Grand Prix,1990-05-27
325,5,7,Canadian Grand Prix,1990-06-10
326,6,32,Mexican Grand Prix,1990-06-24
327,7,34,French Grand Prix,1990-07-08
328,8,9,British Grand Prix,1990-07-15
329,9,10,German Grand Prix,1990-07-29
330,10,11,Hungarian Grand Prix,1990-08-12
331,11,13,Belgian Grand Prix,1990-08-26
332,12,14,Italian Grand Prix,1990-09-09
333,13,27,Portuguese Grand Prix,1990-09-23
334,14,26,Spanish Grand Prix,1990-09-30
335,15,22,Japanese Grand Prix,1990-10-21
336,16,29,Australian Grand Prix,1990-11-04
337,1,3,Bahrain Grand Prix,2010-03-14
338,2,1,Australian Grand Prix,2010-03-28
339,3,2,Malaysian Grand Prix,2010-04-04
340,4,17,Chinese Grand Prix,2010-04-18
341,5,4,Spanish Grand Prix,2010-05-09
342,6,6,Monaco Grand Prix,2010-05-16
343,7,5,Turkish Grand Prix,2010-05-30
344,8,7,Canadian Grand Prix,2010-06-13
345,9,12,European Grand Prix,2010-06-27
346,10,9,British Grand Prix,2010-07-11
347,11,10,German Grand Prix,2010-07-25
348,12,11,Hungarian Grand Prix,2010-08-01
349,13,13,Belgian Grand Prix,2010-08-29
350,14,14,Italian Grand Prix,2010-09-12
351,15,15,Singapore Grand Prix,2010-09-26
352,16,22,Japanese Grand Prix,2010-10-10
353,17,35,Korean Grand Prix,2010-10-24
354,18,18,Brazilian Grand Prix,2010-11-07
355,19,24,Abu Dhabi Grand Prix,2010-11-14
356,1,36,Brazilian Grand Prix,1989-03-26
357,2,21,San Marino Grand Prix,1989-04-23
358,3,6,Monaco Grand Prix,1989-05-07
359,4,32,Mexican Grand Prix,1989-05-28
360,5,33,United States Grand Prix,1989-06-04
361,6,7,Canadian Grand Prix,1989-06-18
362,7,34,French Grand Prix,1989-07-09
363,8,9,British Grand Prix,1989-07-16
364,9,10,German Grand Prix,1989-07-30
365,10,11,Hungarian Grand Prix,1989-08-13
366,11,13,Belgian Grand Prix,1989-08-27
367,12,14,Italian Grand Prix,1989-09-10
368,13,27,Portuguese Grand Prix,1989-09-24
369,14,26,Spanish Grand Prix,1989-10-01
370,15,22,Japanese Grand Prix,1989-10-22
371,16,29,Australian Grand Prix,1989-11-05
372,1,36,Brazilian Grand Prix,1988-04-03
373,2,21,San Marino Grand Prix,1988-05-01
374,3,6,Monaco Grand Prix,1988-05-15
375,4,32,Mexican Grand Prix,1988-05-29
376,5,7,Canadian Grand Prix,1988-06-12
377,6,37,Detroit Grand Prix,1988-06-19
378,7,34,French Grand Prix,1988-07-03
379,8,9,British Grand Prix,1988-07-10
380,9,10,German Grand Prix,1988-07-24
381,10,11,Hungarian Grand Prix,1988-08-07
382,11,13,Belgian Grand Prix,1988-08-28
383,12,14,Italian Grand Prix,1988-09-11
384,13,27,Portuguese Grand Prix,1988-09-25
385,14,26,Spanish Grand Prix,1988-10-02
386,15,22,Japanese Grand Prix,1988-10-30
387,16,29,Australian Grand Prix,1988-11-13
388,1,36,Brazilian Grand Prix,1987-04-12
389,2,21,San Marino Grand Prix,1987-05-03
390,3,13,Belgian Grand Prix,1987-05-17
391,4,6,Monaco Grand Prix,1987-05-31
392,5,37,Detroit Grand Prix,1987-06-21
393,6,34,French Grand Prix,1987-07-05
394,7,9,British Grand Prix,1987-07-12
395,8,10,German Grand Prix,1987-07-26
396,9,11,Hungarian Grand Prix,1987-08-09
397,10,70,Austrian Grand Prix,1987-08-16
398,11,14,Italian Grand Prix,1987-09-06
399,12,27,Portuguese Grand Prix,1987-09-20
400,13,26,Spanish Grand Prix,1987-09-27
401,14,32,Mexican Grand Prix,1987-10-18
402,15,22,Japanese Grand Prix,1987-11-01
403,16,29,Australian Grand Prix,1987-11-15
404,1,36,Brazilian Grand Prix,1986-03-23
405,2,26,Spanish Grand Prix,1986-04-13
406,3,21,San Marino Grand Prix,1986-04-27
407,4,6,Monaco Grand Prix,1986-05-11
408,5,13,Belgian Grand Prix,1986-05-25
409,6,7,Canadian Grand Prix,1986-06-15
410,7,37,Detroit Grand Prix,1986-06-22
411,8,34,French Grand Prix,1986-07-06
412,9,38,British Grand Prix,1986-07-13
413,10,10,German Grand Prix,1986-07-27
414,11,11,Hungarian Grand Prix,1986-08-10
415,12,70,Austrian Grand Prix,1986-08-17
416,13,14,Italian Grand Prix,1986-09-07
417,14,27,Portuguese Grand Prix,1986-09-21
418,15,32,Mexican Grand Prix,1986-10-12
419,16,29,Australian Grand Prix,1986-10-26
420,1,36,Brazilian Grand Prix,1985-04-07
421,2,27,Portuguese Grand Prix,1985-04-21
422,3,21,San Marino Grand Prix,1985-05-05
423,4,6,Monaco Grand Prix,1985-05-19
424,5,7,Canadian Grand Prix,1985-06-16
425,6,37,Detroit Grand Prix,1985-06-23
426,7,34,French Grand Prix,1985-07-07
427,8,9,British Grand Prix,1985-07-21
428,9,20,German Grand Prix,1985-08-04
429,10,70,Austrian Grand Prix,1985-08-18
430,11,39,Dutch Grand Prix,1985-08-25
431,12,14,Italian Grand Prix,1985-09-08
432,13,13,Belgian Grand Prix,1985-09-15
433,14,38,European Grand Prix,1985-10-06
434,15,30,South African Grand Prix,1985-10-19
435,16,29,Australian Grand Prix,1985-11-03
436,1,36,Brazilian Grand Prix,1984-03-25
437,2,30,South African Grand Prix,1984-04-07
438,3,40,Belgian Grand Prix,1984-04-29
439,4,21,San Marino Grand Prix,1984-05-06
440,5,41,French Grand Prix,1984-05-20
441,6,6,Monaco Grand Prix,1984-06-03
442,7,7,Canadian Grand Prix,1984-06-17
443,8,37,Detroit Grand Prix,1984-06-24
444,9,42,Dallas Grand Prix,1984-07-08
445,10,38,British Grand Prix,1984-07-22
446,11,10,German Grand Prix,1984-08-05
447,12,70,Austrian Grand Prix,1984-08-19
448,13,39,Dutch Grand Prix,1984-08-26
449,14,14,Italian Grand Prix,1984-09-09
450,15,20,European Grand Prix,1984-10-07
451,16,27,Portuguese Grand Prix,1984-10-21
452,1,36,Brazilian Grand Prix,1983-03-13
453,2,43,United States Grand Prix West,1983-03-27
454,3,34,French Grand Prix,1983-04-17
455,4,21,San Marino Grand Prix,1983-05-01
456,5,6,Monaco Grand Prix,1983-05-15
457,6,13,Belgian Grand Prix,1983-05-22
458,7,37,Detroit Grand Prix,1983-06-05
459,8,7,Canadian Grand Prix,1983-06-12
460,9,9,British Grand Prix,1983-07-16
461,10,10,German Grand Prix,1983-08-07
462,11,70,Austrian Grand Prix,1983-08-14
463,12,39,Dutch Grand Prix,1983-08-28
464,13,14,Italian Grand Prix,1983-09-11
465,14,38,European Grand Prix,1983-09-25
466,15,30,South African Grand Prix,1983-10-15
467,1,30,South African Grand Prix,1982-01-23
468,2,36,Brazilian Grand Prix,1982-03-21
469,3,43,United States Grand Prix West,1982-04-04
470,4,21,San Marino Grand Prix,1982-04-25
471,5,40,Belgian Grand Prix,1982-05-09
472,6,6,Monaco Grand Prix,1982-05-23
473,7,37,Detroit Grand Prix,1982-06-06
474,8,7,Canadian Grand Prix,1982-06-13
475,9,39,Dutch Grand Prix,1982-07-03
476,10,38,British Grand Prix,1982-07-18
477,11,34,French Grand Prix,1982-07-25
478,12,10,German Grand Prix,1982-08-08
479,13,70,Austrian Grand Prix,1982-08-15
480,14,41,Swiss Grand Prix,1982-08-29
481,15,14,Italian Grand Prix,1982-09-12
482,16,44,Caesars Palace Grand Prix,1982-09-25
483,1,43,United States Grand Prix West,1981-03-15
484,2,36,Brazilian Grand Prix,1981-03-29
485,3,25,Argentine Grand Prix,1981-04-12
486,4,21,San Marino Grand Prix,1981-05-03
487,5,40,Belgian Grand Prix,1981-05-17
488,6,6,Monaco Grand Prix,1981-05-31
489,7,45,Spanish Grand Prix,1981-06-21
490,8,41,French Grand Prix,1981-07-05
491,9,9,British Grand Prix,1981-07-18
492,10,10,German Grand Prix,1981-08-02
493,11,70,Austrian Grand Prix,1981-08-16
494,12,39,Dutch Grand Prix,1981-08-30
495,13,14,Italian Grand Prix,1981-09-13
496,14,7,Canadian Grand Prix,1981-09-27
497,15,44,Caesars Palace Grand Prix,1981-10-17
498,1,25,Argentine Grand Prix,1980-01-13
499,2,18,Brazilian Grand Prix,1980-01-27
500,3,30,South African Grand Prix,1980-03-01
501,4,43,United States Grand Prix West,1980-03-30
502,5,40,Belgian Grand Prix,1980-05-04
503,6,6,Monaco Grand Prix,1980-05-18
504,7,34,French Grand Prix,1980-06-29
505,8,38,British Grand Prix,1980-07-13
506,9,10,German Grand Prix,1980-08-10
507,10,70,Austrian Grand Prix,1980-08-17
508,11,39,Dutch Grand Prix,1980-08-31
509,12,21,Italian Grand Prix,1980-09-14
510,13,7,Canadian Grand Prix,1980-09-28
511,14,46,United States Grand Prix,1980-10-05
512,1,25,Argentine Grand Prix,1979-01-21
513,2,18,Brazilian Grand Prix,1979-02-04
514,3,30,South African Grand Prix,1979-03-03
515,4,43,United States Grand Prix West,1979-04-08
516,5,45,Spanish Grand Prix,1979-04-29
517,6,40,Belgian Grand Prix,1979-05-13
518,7,6,Monaco Grand Prix,1979-05-27
519,8,41,French Grand Prix,1979-07-01
520,9,9,British Grand Prix,1979-07-14
521,10,10,German Grand Prix,1979-07-29
522,11,70,Austrian Grand Prix,1979-08-12
523,12,39,Dutch Grand Prix,1979-08-26
524,13,14,Italian Grand Prix,1979-09-09
525,14,7,Canadian Grand Prix,1979-09-30
526,15,46,United States Grand Prix,1979-10-07
527,1,25,Argentine Grand Prix,1978-01-15
528,2,36,Brazilian Grand Prix,1978-01-29
529,3,30,South African Grand Prix,1978-03-04
530,4,43,United States Grand Prix West,1978-04-02
531,5,6,Monaco Grand Prix,1978-05-07
532,6,40,Belgian Grand Prix,1978-05-21
533,7,45,Spanish Grand Prix,1978-06-04
534,8,47,Swedish Grand Prix,1978-06-17
535,9,34,French Grand Prix,1978-07-02
536,10,38,British Grand Prix,1978-07-16
537,11,10,German Grand Prix,1978-07-30
538,12,70,Austrian Grand Prix,1978-08-13
539,13,39,Dutch Grand Prix,1978-08-27
540,14,14,Italian Grand Prix,1978-09-10
541,15,46,United States Grand Prix,1978-10-01
542,16,7,Canadian Grand Prix,1978-10-08
543,1,25,Argentine Grand Prix,1977-01-09
544,2,18,Brazilian Grand Prix,1977-01-23
545,3,30,South African Grand Prix,1977-03-05
546,4,43,United States Grand Prix West,1977-04-03
547,5,45,Spanish Grand Prix,1977-05-08
548,6,6,Monaco Grand Prix,1977-05-22
549,7,40,Belgian Grand Prix,1977-06-05
550,8,47,Swedish Grand Prix,1977-06-19
551,9,41,French Grand Prix,1977-07-03
552,10,9,British Grand Prix,1977-07-16
553,11,10,German Grand Prix,1977-07-31
554,12,70,Austrian Grand Prix,1977-08-14
555,13,39,Dutch Grand Prix,1977-08-28
556,14,14,Italian Grand Prix,1977-09-11
557,15,46,United States Grand Prix,1977-10-02
558,16,48,Canadian Grand Prix,1977-10-09
559,17,16,Japanese Grand Prix,1977-10-23
560,1,18,Brazilian Grand Prix,1976-01-25
561,2,30,South African Grand Prix,1976-03-06
562,3,43,United States Grand Prix West,1976-03-28
563,4,45,Spanish Grand Prix,1976-05-02
564,5,40,Belgian Grand Prix,1976-05-16
565,6,6,Monaco Grand Prix,1976-05-30
566,7,47,Swedish Grand Prix,1976-06-13
567,8,34,French Grand Prix,1976-07-04
568,9,38,British Grand Prix,1976-07-18
569,10,20,German Grand Prix,1976-08-01
570,11,70,Austrian Grand Prix,1976-08-15
571,12,39,Dutch Grand Prix,1976-08-29
572,13,14,Italian Grand Prix,1976-09-12
573,14,48,Canadian Grand Prix,1976-10-03
574,15,46,United States Grand Prix,1976-10-10
575,16,16,Japanese Grand Prix,1976-10-24
576,1,25,Argentine Grand Prix,1975-01-12
577,2,18,Brazilian Grand Prix,1975-01-26
578,3,30,South African Grand Prix,1975-03-01
579,4,49,Spanish Grand Prix,1975-04-27
580,5,6,Monaco Grand Prix,1975-05-11
581,6,40,Belgian Grand Prix,1975-05-25
582,7,47,Swedish Grand Prix,1975-06-08
583,8,39,Dutch Grand Prix,1975-06-22
584,9,34,French Grand Prix,1975-07-06
585,10,9,British Grand Prix,1975-07-19
586,11,20,German Grand Prix,1975-08-03
587,12,70,Austrian Grand Prix,1975-08-17
588,13,14,Italian Grand Prix,1975-09-07
589,14,46,United States Grand Prix,1975-10-05
590,1,25,Argentine Grand Prix,1974-01-13
591,2,18,Brazilian Grand Prix,1974-01-27
592,3,30,South African Grand Prix,1974-03-30
593,4,45,Spanish Grand Prix,1974-04-28
594,5,50,Belgian Grand Prix,1974-05-12
595,6,6,Monaco Grand Prix,1974-05-26
596,7,47,Swedish Grand Prix,1974-06-09
597,8,39,Dutch Grand Prix,1974-06-23
598,9,41,French Grand Prix,1974-07-07
599,10,38,British Grand Prix,1974-07-20
600,11,20,German Grand Prix,1974-08-04
601,12,70,Austrian Grand Prix,1974-08-18
602,13,14,Italian Grand Prix,1974-09-08
603,14,48,Canadian Grand Prix,1974-09-22
604,15,46,United States Grand Prix,1974-10-06
605,1,25,Argentine Grand Prix,1973-01-28
606,2,18,Brazilian Grand Prix,1973-02-11
607,3,30,South African Grand Prix,1973-03-03
608,4,49,Spanish Grand Prix,1973-04-29
609,5,40,Belgian Grand Prix,1973-05-20
610,6,6,Monaco Grand Prix,1973-06-03
611,7,47,Swedish Grand Prix,1973-06-17
612,8,34,French Grand Prix,1973-07-01
613,9,9,British Grand Prix,1973-07-14
614,10,39,Dutch Grand Prix,1973-07-29
615,11,20,German Grand Prix,1973-08-05
616,12,70,Austrian Grand Prix,1973-08-19
617,13,14,Italian Grand Prix,1973-09-09
618,14,48,Canadian Grand Prix,1973-09-23
619,15,46,United States Grand Prix,1973-10-07
620,1,25,Argentine Grand Prix,1972-01-23
621,2,30,South African Grand Prix,1972-03-04
622,3,45,Spanish Grand Prix,1972-05-01
623,4,6,Monaco Grand Prix,1972-05-14
624,5,50,Belgian Grand Prix,1972-06-04
625,6,51,French Grand Prix,1972-07-02
626,7,38,British Grand Prix,1972-07-15
627,8,20,German Grand Prix,1972-07-30
628,9,70,Austrian Grand Prix,1972-08-13
629,10,14,Italian Grand Prix,1972-09-10
630,11,48,Canadian Grand Prix,1972-09-24
631,12,46,United States Grand Prix,1972-10-08
632,1,30,South African Grand Prix,1971-03-06
633,2,49,Spanish Grand Prix,1971-04-18
634,3,6,Monaco Grand Prix,1971-05-23
635,4,39,Dutch Grand Prix,1971-06-20
636,5,34,French Grand Prix,1971-07-04
637,6,9,British Grand Prix,1971-07-17
638,7,20,German Grand Prix,1971-08-01
639,8,70,Austrian Grand Prix,1971-08-15
640,9,14,Italian Grand Prix,1971-09-05
641,10,48,Canadian Grand Prix,1971-09-19
642,11,46,United States Grand Prix,1971-10-03
643,1,30,South African Grand Prix,1970-03-07
644,2,45,Spanish Grand Prix,1970-04-19
645,3,6,Monaco Grand Prix,1970-05-10
646,4,13,Belgian Grand Prix,1970-06-07
647,5,39,Dutch Grand Prix,1970-06-21
648,6,51,French Grand Prix,1970-07-05
649,7,38,British Grand Prix,1970-07-18
650,8,10,German Grand Prix,1970-08-02
651,9,70,Austrian Grand Prix,1970-08-16
652,10,14,Italian Grand Prix,1970-09-06
653,11,52,Canadian Grand Prix,1970-09-20
654,12,46,United States Grand Prix,1970-10-04
655,13,32,Mexican Grand Prix,1970-10-25
656,1,30,South African Grand Prix,1969-03-01
657,2,49,Spanish Grand Prix,1969-05-04
658,3,6,Monaco Grand Prix,1969-05-18
659,4,39,Dutch Grand Prix,1969-06-21
660,5,51,French Grand Prix,1969-07-06
661,6,9,British Grand Prix,1969-07-19
662,7,20,German Grand Prix,1969-08-03
663,8,14,Italian Grand Prix,1969-09-07
664,9,48,Canadian Grand Prix,1969-09-20
665,10,46,United States Grand Prix,1969-10-05
666,11,32,Mexican Grand Prix,1969-10-19
667,1,30,South African Grand Prix,1968-01-01
668,2,45,Spanish Grand Prix,1968-05-12
669,3,6,Monaco Grand Prix,1968-05-26
670,4,13,Belgian Grand Prix,1968-06-09
671,5,39,Dutch Grand Prix,1968-06-23
672,6,53,French Grand Prix,1968-07-07
673,7,38,British Grand Prix,1968-07-20
674,8,20,German Grand Prix,1968-08-04
675,9,14,Italian Grand Prix,1968-09-08
676,10,52,Canadian Grand Prix,1968-09-22
677,11,46,United States Grand Prix,1968-10-06
678,12,32,Mexican Grand Prix,1968-11-03
679,1,30,South African Grand Prix,1967-01-02
680,2,6,Monaco Grand Prix,1967-05-07
681,3,39,Dutch Grand Prix,1967-06-04
682,4,13,Belgian Grand Prix,1967-06-18
683,5,54,French Grand Prix,1967-07-02
684,6,9,British Grand Prix,1967-07-15
685,7,20,German Grand Prix,1967-08-06
686,8,48,Canadian Grand Prix,1967-08-27
687,9,14,Italian Grand Prix,1967-09-10
688,10,46,United States Grand Prix,1967-10-01
689,11,32,Mexican Grand Prix,1967-10-22
690,1,6,Monaco Grand Prix,1966-05-22
691,2,13,Belgian Grand Prix,1966-06-12
692,3,55,French Grand Prix,1966-07-03
693,4,38,British Grand Prix,1966-07-16
694,5,39,Dutch Grand Prix,1966-07-24
695,6,20,German Grand Prix,1966-08-07
696,7,14,Italian Grand Prix,1966-09-04
697,8,46,United States Grand Prix,1966-10-02
698,9,32,Mexican Grand Prix,1966-10-23
699,1,56,South African Grand Prix,1965-01-01
700,2,6,Monaco Grand Prix,1965-05-30
701,3,13,Belgian Grand Prix,1965-06-13
702,4,51,French Grand Prix,1965-06-27
703,5,9,British Grand Prix,1965-07-10
704,6,39,Dutch Grand Prix,1965-07-18
705,7,20,German Grand Prix,1965-08-01
706,8,14,Italian Grand Prix,1965-09-12
707,9,46,United States Grand Prix,1965-10-03
708,10,32,Mexican Grand Prix,1965-10-24
709,1,6,Monaco Grand Prix,1964-05-10
710,2,39,Dutch Grand Prix,1964-05-24
711,3,13,Belgian Grand Prix,1964-06-14
712,4,53,French Grand Prix,1964-06-28
713,5,38,British Grand Prix,1964-07-11
714,6,20,German Grand Prix,1964-08-02
715,7,57,Austrian Grand Prix,1964-08-23
716,8,14,Italian Grand Prix,1964-09-06
717,9,46,United States Grand Prix,1964-10-04
718,10,32,Mexican Grand Prix,1964-10-25
719,1,6,Monaco Grand Prix,1963-05-26
720,2,13,Belgian Grand Prix,1963-06-09
721,3,39,Dutch Grand Prix,1963-06-23
722,4,55,French Grand Prix,1963-06-30
723,5,9,British Grand Prix,1963-07-20
724,6,20,German Grand Prix,1963-08-04
725,7,14,Italian Grand Prix,1963-09-08
726,8,46,United States Grand Prix,1963-10-06
727,9,32,Mexican Grand Prix,1963-10-27
728,10,56,South African Grand Prix,1963-12-28
729,1,39,Dutch Grand Prix,1962-05-20
730,2,6,Monaco Grand Prix,1962-06-03
731,3,13,Belgian Grand Prix,1962-06-17
732,4,53,French Grand Prix,1962-07-08
733,5,58,British Grand Prix,1962-07-21
734,6,20,German Grand Prix,1962-08-05
735,7,14,Italian Grand Prix,1962-09-16
736,8,46,United States Grand Prix,1962-10-07
737,9,56,South African Grand Prix,1962-12-29
738,1,6,Monaco Grand Prix,1961-05-14
739,2,39,Dutch Grand Prix,1961-05-22
740,3,13,Belgian Grand Prix,1961-06-18
741,4,55,French Grand Prix,1961-07-02
742,5,58,British Grand Prix,1961-07-15
743,6,20,German Grand Prix,1961-08-06
744,7,14,Italian Grand Prix,1961-09-10
745,8,46,United States Grand Prix,1961-10-08
746,1,25,Argentine Grand Prix,1960-02-07
747,2,6,Monaco Grand Prix,1960-05-29
748,3,19,Indianapolis 500,1960-05-30
749,4,39,Dutch Grand Prix,1960-06-06
750,5,13,Belgian Grand Prix,1960-06-19
751,6,55,French Grand Prix,1960-07-03
752,7,9,British Grand Prix,1960-07-16
753,8,59,Portuguese Grand Prix,1960-08-14
754,9,14,Italian Grand Prix,1960-09-04
755,10,60,United States Grand Prix,1960-11-20
756,1,6,Monaco Grand Prix,1959-05-10
757,2,19,Indianapolis 500,1959-05-30
758,3,39,Dutch Grand Prix,1959-05-31
759,4,55,French Grand Prix,1959-07-05
760,5,58,British Grand Prix,1959-07-18
761,6,61,German Grand Prix,1959-08-02
762,7,62,Portuguese Grand Prix,1959-08-23
763,8,14,Italian Grand Prix,1959-09-13
764,9,63,United States Grand Prix,1959-12-12
765,1,25,Argentine Grand Prix,1958-01-19
766,2,6,Monaco Grand Prix,1958-05-18
767,3,39,Dutch Grand Prix,1958-05-26
768,4,19,Indianapolis 500,1958-05-30
769,5,13,Belgian Grand Prix,1958-06-15
770,6,55,French Grand Prix,1958-07-06
771,7,9,British Grand Prix,1958-07-19
772,8,20,German Grand Prix,1958-08-03
773,9,59,Portuguese Grand Prix,1958-08-24
774,10,14,Italian Grand Prix,1958-09-07
775,11,64,Moroccan Grand Prix,1958-10-19
776,1,25,Argentine Grand Prix,1957-01-13
777,2,6,Monaco Grand Prix,1957-05-19
778,3,19,Indianapolis 500,1957-05-30
779,4,53,French Grand Prix,1957-07-07
780,5,58,British Grand Prix,1957-07-20
781,6,20,German Grand Prix,1957-08-04
782,7,65,Pescara Grand Prix,1957-08-18
783,8,14,Italian Grand Prix,1957-09-08
784,1,25,Argentine Grand Prix,1956-01-22
785,2,6,Monaco Grand Prix,1956-05-13
786,3,19,Indianapolis 500,1956-05-30
787,4,13,Belgian Grand Prix,1956-06-03
788,5,55,French Grand Prix,1956-07-01
789,6,9,British Grand Prix,1956-07-14
790,7,20,German Grand Prix,1956-08-05
791,8,14,Italian Grand Prix,1956-09-02
792,1,25,Argentine Grand Prix,1955-01-16
793,2,6,Monaco Grand Prix,1955-05-22
794,3,19,Indianapolis 500,1955-05-30
795,4,13,Belgian Grand Prix,1955-06-05
796,5,39,Dutch Grand Prix,1955-06-19
797,6,58,British Grand Prix,1955-07-16
798,7,14,Italian Grand Prix,1955-09-11
799,1,25,Argentine Grand Prix,1954-01-17
800,2,19,Indianapolis 500,1954-05-31
801,3,13,Belgian Grand Prix,1954-06-20
802,4,55,French Grand Prix,1954-07-04
803,5,9,British Grand Prix,1954-07-17
804,6,20,German Grand Prix,1954-08-01
805,7,66,Swiss Grand Prix,1954-08-22
806,8,14,Italian Grand Prix,1954-09-05
807,9,67,Spanish Grand Prix,1954-10-24
808,1,25,Argentine Grand Prix,1953-01-18
809,2,19,Indianapolis 500,1953-05-30
810,3,39,Dutch Grand Prix,1953-06-07
811,4,13,Belgian Grand Prix,1953-06-21
812,5,55,French Grand Prix,1953-07-05
813,6,9,British Grand Prix,1953-07-18
814,7,20,German Grand Prix,1953-08-02
815,8,66,Swiss Grand Prix,1953-08-23
816,9,14,Italian Grand Prix,1953-09-13
817,1,66,Swiss Grand Prix,1952-05-18
818,2,19,Indianapolis 500,1952-05-30
819,3,13,Belgian Grand Prix,1952-06-22
820,4,53,French Grand Prix,1952-07-06
821,5,9,British Grand Prix,1952-07-19
822,6,20,German Grand Prix,1952-08-03
823,7,39,Dutch Grand Prix,1952-08-17
824,8,14,Italian Grand Prix,1952-09-07
825,1,66,Swiss Grand Prix,1951-05-27
826,2,19,Indianapolis 500,1951-05-30
827,3,13,Belgian Grand Prix,1951-06-17
828,4,55,French Grand Prix,1951-07-01
829,5,9,British Grand Prix,1951-07-14
830,6,20,German Grand Prix,1951-07-29
831,7,14,Italian Grand Prix,1951-09-16
832,8,67,Spanish Grand Prix,1951-10-28
833,1,9,British Grand Prix,1950-05-13
834,2,6,Monaco Grand Prix,1950-05-21
835,3,19,Indianapolis 500,1950-05-30
836,4,66,Swiss Grand Prix,1950-06-04
837,5,13,Belgian Grand Prix,1950-06-18
838,6,55,French Grand Prix,1950-07-02
839,7,14,Italian Grand Prix,1950-09-03
841,1,1,Australian Grand Prix,2011-03-27
842,2,2,Malaysian Grand Prix,2011-04-10
843,3,17,Chinese Grand Prix,2011-04-17
844,4,5,Turkish Grand Prix,2011-05-08
845,5,4,Spanish Grand Prix,2011-05-22
846,6,6,Monaco Grand Prix,2011-05-29
847,7,7,Canadian Grand Prix,2011-06-12
848,8,12,European Grand Prix,2011-06-26
849,9,9,British Grand Prix,2011-07-10
850,10,20,German Grand Prix,2011-07-24
851,11,11,Hungarian Grand Prix,2011-07-31
852,12,13,Belgian Grand Prix,2011-08-28
853,13,14,Italian Grand Prix,2011-09-11
854,14,15,Singapore Grand Prix,2011-09-25
855,15,22,Japanese Grand Prix,2011-10-09
856,16,35,Korean Grand Prix,2011-10-16
857,17,68,Indian Grand Prix,2011-10-30
858,18,24,Abu Dhabi Grand Prix,2011-11-13
859,19,18,Brazilian Grand Prix,2011-11-27
860,1,1,Australian Grand Prix,2012-03-18
861,2,2,Malaysian Grand Prix,2012-03-25
862,3,17,Chinese Grand Prix,2012-04-15
863,4,3,Bahrain Grand Prix,2012-04-22
864,5,4,Spanish Grand Prix,2012-05-13
865,6,6,Monaco Grand Prix,2012-05-27
866,7,7,Canadian Grand Prix,2012-06-10
867,8,12,European Grand Prix,2012-06-24
868,9,9,British Grand Prix,2012-07-08
869,10,10,German Grand Prix,2012-07-22
870,11,11,Hungarian Grand Prix,2012-07-29
871,12,13,Belgian Grand Prix,2012-09-02
872,13,14,Italian Grand Prix,2012-09-09
873,14,15,Singapore Grand Prix,2012-09-23
874,15,22,Japanese Grand Prix,2012-10-07
875,16,35,Korean Grand Prix,2012-10-14
876,17,68,Indian Grand Prix,2012-10-28
877,18,24,Abu Dhabi Grand Prix,2012-11-04
878,19,69,United States Grand Prix,2012-11-18
879,20,18,Brazilian Grand Prix,2012-11-25
880,1,1,Australian Grand Prix,2013-03-17
881,2,2,Malaysian Grand Prix,2013-03-24
882,3,17,Chinese Grand Prix,2013-04-14
883,4,3,Bahrain Grand Prix,2013-04-21
884,5,4,Spanish Grand Prix,2013-05-12
885,6,6,Monaco Grand Prix,2013-05-26
886,7,7,Canadian Grand Prix,2013-06-09
887,8,9,British Grand Prix,2013-06-30
888,9,20,German Grand Prix,2013-07-07
890,10,11,Hungarian Grand Prix,2013-07-28
891,11,13,Belgian Grand Prix,2013-08-25
892,12,14,Italian Grand Prix,2013-09-08
893,13,15,Singapore Grand Prix,2013-09-22
894,14,35,Korean Grand Prix,2013-10-06
895,15,22,Japanese Grand Prix,2013-10-13
896,16,68,Indian Grand Prix,2013-10-27
897,17,24,Abu Dhabi Grand Prix,2013-11-03
898,18,69,United States Grand Prix,2013-11-17
899,19,18,Brazilian Grand Prix,2013-11-24
900,1,1,Australian Grand Prix,2014-03-16
901,2,2,Malaysian Grand Prix,2014-03-30
902,3,3,Bahrain Grand Prix,2014-04-06
903,4,17,Chinese Grand Prix,2014-04-20
904,5,4,Spanish Grand Prix,2014-05-11
905,6,6,Monaco Grand Prix,2014-05-25
906,7,7,Canadian Grand Prix,2014-06-08
907,8,70,Austrian Grand Prix,2014-06-22
908,9,9,British Grand Prix,2014-07-06
909,10,10,German Grand Prix,2014-07-20
910,11,11,Hungarian Grand Prix,2014-07-27
911,12,13,Belgian Grand Prix,2014-08-24
912,13,14,Italian Grand Prix,2014-09-07
913,14,15,Singapore Grand Prix,2014-09-21
914,15,22,Japanese Grand Prix,2014-10-05
915,16,71,Russian Grand Prix,2014-10-12
916,17,69,United States Grand Prix,2014-11-02
917,18,18,Brazilian Grand Prix,2014-11-09
918,19,24,Abu Dhabi Grand Prix,2014-11-23
931,6,6,Monaco Grand Prix,2015-05-24
932,7,7,Canadian Grand Prix,2015-06-07
929,4,3,Bahrain Grand Prix,2015-04-19
930,5,4,Spanish Grand Prix,2015-05-10
928,3,17,Chinese Grand Prix,2015-04-12
926,1,1,Australian Grand Prix,2015-03-15
927,2,2,Malaysian Grand Prix,2015-03-29
933,8,70,Austrian Grand Prix,2015-06-21
934,9,9,British Grand Prix,2015-07-05
936,10,11,Hungarian Grand Prix,2015-07-26
937,11,13,Belgian Grand Prix,2015-08-23
938,12,14,Italian Grand Prix,2015-09-06
939,13,15,Singapore Grand Prix,2015-09-20
940,14,22,Japanese Grand Prix,2015-09-27
941,15,71,Russian Grand Prix,2015-10-11
942,16,69,United States Grand Prix,2015-10-25
943,17,32,Mexican Grand Prix,2015-11-01
944,18,18,Brazilian Grand Prix,2015-11-15
945,19,24,Abu Dhabi Grand Prix,2015-11-29
948,1,1,Australian Grand Prix,2016-03-20
949,2,3,Bahrain Grand Prix,2016-04-03
950,3,17,Chinese Grand Prix,2016-04-17
951,4,71,Russian Grand Prix,2016-05-01
952,5,4,Spanish Grand Prix,2016-05-15
953,6,6,Monaco Grand Prix,2016-05-29
954,7,7,Canadian Grand Prix,2016-06-12
955,8,73,European Grand Prix,2016-06-19
956,9,70,Austrian Grand Prix,2016-07-03
957,10,9,British Grand Prix,2016-07-10
958,11,11,Hungarian Grand Prix,2016-07-24
959,12,10,German Grand Prix,2016-07-31
960,13,13,Belgian Grand Prix,2016-08-28
961,14,14,Italian Grand Prix,2016-09-04
962,15,15,Singapore Grand Prix,2016-09-18
963,16,2,Malaysian Grand Prix,2016-10-02
964,17,22,Japanese Grand Prix,2016-10-09
965,18,69,United States Grand Prix,2016-10-23
966,19,32,Mexican Grand Prix,2016-10-30
967,20,18,Brazilian Grand Prix,2016-11-13
968,21,24,Abu Dhabi Grand Prix,2016-11-27
969,1,1,Australian Grand Prix,2017-03-26
970,2,17,Chinese Grand Prix,2017-04-09
971,3,3,Bahrain Grand Prix,2017-04-16
972,4,71,Russian Grand Prix,2017-04-30
973,5,4,Spanish Grand Prix,2017-05-14
974,6,6,Monaco Grand Prix,2017-05-28
975,7,7,Canadian Grand Prix,2017-06-11
976,8,73,Azerbaijan Grand Prix,2017-06-25
977,9,70,Austrian Grand Prix,2017-07-09
978,10,9,British Grand Prix,2017-07-16
979,11,11,Hungarian Grand Prix,2017-07-30
980,12,13,Belgian Grand Prix,2017-08-27
981,13,14,Italian Grand Prix,2017-09-03
982,14,15,Singapore Grand Prix,2017-09-17
983,15,2,Malaysian Grand Prix,2017-10-01
984,16,22,Japanese Grand Prix,2017-10-08
985,17,69,United States Grand Prix,2017-10-22
986,18,32,Mexican Grand Prix,2017-10-29
987,19,18,Brazilian Grand Prix,2017-11-12
988,20,24,Abu Dhabi Grand Prix,2017-11-26
989,1,1,Australian Grand Prix,2018-03-25
990,2,3,Bahrain Grand Prix,2018-04-08
991,3,17,Chinese Grand Prix,2018-04-15
992,4,73,Azerbaijan Grand Prix,2018-04-29
993,5,4,Spanish Grand Prix,2018-05-13
994,6,6,Monaco Grand Prix,2018-05-27
995,7,7,Canadian Grand Prix,2018-06-10
996,8,34,French Grand Prix,2018-06-24
997,9,70,Austrian Grand Prix,2018-07-01
998,10,9,British Grand Prix,2018-07-08
999,11,10,German Grand Prix,2018-07-22
1000,12,11,Hungarian Grand Prix,2018-07-29
1001,13,13,Belgian Grand Prix,2018-08-26
1002,14,14,Italian Grand Prix,2018-09-02
1003,15,15,Singapore Grand Prix,2018-09-16
1004,16,71,Russian Grand Prix,2018-09-30
1005,17,22,Japanese Grand Prix,2018-10-07
1006,18,69,United States Grand Prix,2018-10-21
1007,19,32,Mexican Grand Prix,2018-10-28
1008,20,18,Brazilian Grand Prix,2018-11-11
1009,21,24,Abu Dhabi Grand Prix,2018-11-25
1010,1,1,Australian Grand Prix,2019-03-17
1011,2,3,Bahrain Grand Prix,2019-03-31
1012,3,17,Chinese Grand Prix,2019-04-14
1013,4,73,Azerbaijan Grand Prix,2019-04-28
1014,5,4,Spanish Grand Prix,2019-05-12
1015,6,6,Monaco Grand Prix,2019-05-26
1016,7,7,Canadian Grand Prix,2019-06-09
1017,8,34,French Grand Prix,2019-06-23
1018,9,70,Austrian Grand Prix,2019-06-30
1019,10,9,British Grand Prix,2019-07-14
1020,11,10,German Grand Prix,2019-07-28
1021,12,11,Hungarian Grand Prix,2019-08-04
1022,13,13,Belgian Grand Prix,2019-09-01
1023,14,14,Italian Grand Prix,2019-09-08
1024,15,15,Singapore Grand Prix,2019-09-22
1025,16,71,Russian Grand Prix,2019-09-29
1026,17,22,Japanese Grand Prix,2019-10-13
1027,18,32,Mexican Grand Prix,2019-10-27
1028,19,69,United States Grand Prix,2019-11-03
1029,20,18,Brazilian Grand Prix,2019-11-17
1030,21,24,Abu Dhabi Grand Prix,2019-12-01
1031,1,70,Austrian Grand Prix,2020-07-05
1032,2,70,Styrian Grand Prix,2020-07-12
1033,3,11,Hungarian Grand Prix,2020-07-19
1034,4,9,British Grand Prix,2020-08-02
1035,5,9,70th Anniversary Grand Prix,2020-08-09
1036,6,4,Spanish Grand Prix,2020-08-16
1037,7,13,Belgian Grand Prix,2020-08-30
1038,8,14,Italian Grand Prix,2020-09-06
1039,9,76,Tuscan Grand Prix,2020-09-13
1040,10,71,Russian Grand Prix,2020-09-27
1041,11,20,Eifel Grand Prix,2020-10-11
1042,12,75,Portuguese Grand Prix,2020-10-25
1043,13,21,Emilia Romagna Grand Prix,2020-11-01
1044,14,5,Turkish Grand Prix,2020-11-15
1045,15,3,Bahrain Grand Prix,2020-11-29
1046,16,3,Sakhir Grand Prix,2020-12-06
1047,17,24,Abu Dhabi Grand Prix,2020-12-13
1053,2,21,Emilia Romagna Grand Prix,2021-04-18
1074,1,3,Bahrain Grand Prix,2022-03-20
1052,1,3,Bahrain Grand Prix,2021-03-28
1051,20,78,Qatar Grand Prix,2021-11-21
1054,3,75,Portuguese Grand Prix,2021-05-02
1055,4,4,Spanish Grand Prix,2021-05-09
1056,5,6,Monaco Grand Prix,2021-05-23
1057,6,73,Azerbaijan Grand Prix,2021-06-06
1058,8,70,Styrian Grand Prix,2021-06-27
1059,7,34,French Grand Prix,2021-06-20
1060,9,70,Austrian Grand Prix,2021-07-04
1061,10,9,British Grand Prix,2021-07-18
1062,11,11,Hungarian Grand Prix,2021-08-01
1063,12,13,Belgian Grand Prix,2021-08-29
1064,13,39,Dutch Grand Prix,2021-09-05
1065,14,14,Italian Grand Prix,2021-09-12
1066,15,71,Russian Grand Prix,2021-09-26
1067,16,5,Turkish Grand Prix,2021-10-10
1069,17,69,United States Grand Prix,2021-10-24
1070,18,32,Mexico City Grand Prix,2021-11-07
1071,19,18,São Paulo Grand Prix,2021-11-14
1072,21,77,Saudi Arabian Grand Prix,2021-12-05
1073,22,24,Abu Dhabi Grand Prix,2021-12-12
1075,2,77,Saudi Arabian Grand Prix,2022-03-27
1076,3,1,Australian Grand Prix,2022-04-10
1077,4,21,Emilia Romagna Grand Prix,2022-04-24
1078,5,79,Miami Grand Prix,2022-05-08
1079,6,4,Spanish Grand Prix,2022-05-22
1080,7,6,Monaco Grand Prix,2022-05-29
1081,8,73,Azerbaijan Grand Prix,2022-06-12
1082,9,7,Canadian Grand Prix,2022-06-19
1083,10,9,British Grand Prix,2022-07-03
1084,11,70,Austrian Grand Prix,2022-07-10
1085,12,34,French Grand Prix,2022-07-24
1086,13,11,Hungarian Grand Prix,2022-07-31
1087,14,13,Belgian Grand Prix,2022-08-28
1088,15,39,Dutch Grand Prix,2022-09-04
1089,16,14,Italian Grand Prix,2022-09-11
1091,17,15,Singapore Grand Prix,2022-10-02
1092,18,22,Japanese Grand Prix,2022-10-09
1093,19,69,United States Grand Prix,2022-10-23
1094,20,32,Mexico City Grand Prix,2022-10-30
1095,21,18,Brazilian Grand Prix,2022-11-13
1096,22,24,Abu Dhabi Grand Prix,2022-11-20
1098,1,3,Bahrain Grand Prix,2023-03-05
1099,2,77,Saudi Arabian Grand Prix,2023-03-19
1100,3,1,Australian Grand Prix,2023-04-02
1101,4,73,Azerbaijan Grand Prix,2023-04-30
1102,5,79,Miami Grand Prix,2023-05-07
1104,6,6,Monaco Grand Prix,2023-05-28
1105,7,4,Spanish Grand Prix,2023-06-04
1106,8,7,Canadian Grand Prix,2023-06-18
1107,9,70,Austrian Grand Prix,2023-07-02
1108,10,9,British Grand Prix,2023-07-09
1109,11,11,Hungarian Grand Prix,2023-07-23
1110,12,13,Belgian Grand Prix,2023-07-30
1111,13,39,Dutch Grand Prix,2023-08-27
1112,14,14,Italian Grand Prix,2023-09-03
1113,15,15,Singapore Grand Prix,2023-09-17
1114,16,22,Japanese Grand Prix,2023-09-24
1115,17,78,Qatar Grand Prix,2023-10-08
1116,18,69,United States Grand Prix,2023-10-22
1117,19,32,Mexico City Grand Prix,2023-10-29
1118,20,18,São Paulo Grand Prix,2023-11-05
1119,21,80,Las Vegas Grand Prix,2023-11-19
1120,22,24,Abu Dhabi Grand Prix,2023-11-26
